Activity,Tuned Model,Accuracy,Precision,Recall,F1-Score,Best Params
Exam,LinearSVC,0.8125,0.8145833333333334,0.8125,0.8102226720647774,Default (tuned was worse)
Lab,KNeighborsClassifier,0.8,0.8148148148148148,0.8,0.8038277511961722,Default (no tuning grid provided)
Lecture,AdaBoostClassifier,0.8235294117647058,0.8316993464052288,0.8235294117647058,0.8247678018575851,Default (tuned was worse)
Presentations,AdaBoostClassifier,0.7777777777777778,0.837037037037037,0.7777777777777778,0.7504273504273505,Default (tuned was worse)
Project,LogisticRegressionCV,0.7058823529411765,0.49826989619377166,0.7058823529411765,0.5841784989858012,Default (no tuning grid provided)
Tutorial,RandomForestClassifier,0.8235294117647058,0.8178733031674208,0.8235294117647058,0.8172549019607844,Default (no tuning grid provided)
